ani_bins2s,ani_chi2,ani_contrast,ani_cur,ani_half,ani_halfu,ani_halfum,ani_ybg_mode,cat_bins2s,cat_chi2,cat_contrast,cat_cur,cat_half,cat_halfu,cat_halfum,cat_ybg_mode,family,kind,mdrv,pp,state,tag,verdict
1.0,0.21316136665115193,2.674293248986173,0.7972322476689006,1.575049956245384,1.7696086505441464,2,1.3252853680266399,0.9917695473251029,0.42417149555527806,2.3290360549678666,0.39510211119689176,1.403366654726959,1.713591587989725,2,0.8584011537645211,fourier,both,6,0.6/0.6,eps2/runs/prod_T1.0_c0.01,p00,PASS
1.0,0.2601651850995227,47.06724629251542,1.8357620121579716,1.7911223815585262,2.351760943064705,2,0.7217217847652939,0.9876543209876543,0.5471188363630195,113.38812000998999,0.37585518324504213,2.0543563359886816,2.8019011062629833,7,1.116739957157124,fourier,both,6,2.8/2.8,eps2/runs/prod_T1.0_c0.01,p01,PASS
1.0,0.23388284700246648,17.159702361603152,1.5366442011700752,1.1908350541077835,1.3053244938569708,6,0.7948812003996581,0.9917695473251029,0.4369750197420107,40.36599750426466,1.048289313907378,1.2772099346547467,1.3652815330840922,3,1.0216953748508788,fourier,both,5,2.6/2.3,eps2/runs/prod_T1.0_c0.01,p02,PASS
1.0,0.11400610640802929,2.873456593738536,0.23357922552071927,1.9204667642616269,2.1346100648835833,1,0.669651984271285,1.0,0.34192806395426,2.23140747783716,1.165303901350521,1.3163672541932303,2.1098625484170626,1,1.149289408072315,fourier,both,6,0.7/1.2,eps2/runs/prod_T1.0_c0.01,p03,PASS
1.0,0.15634536648228373,2.733249887311712,0.20708355960283803,1.8821702340925501,2.4489307737099866,2,0.5744723358683632,1.0,0.2579634260978504,3.1281684749020426,0.5448150428271482,1.8742567229345233,2.4182912777030703,2,0.6274374768723946,fourier,both,5,0.6/2.7,eps2/runs/prod_T1.0_c0.01,p04,PASS
1.0,0.1562889954922015,6.455721445883265,1.2734253595616483,2.7082036222447683,2.7733780902904797,1,0.3439510924106143,0.9876543209876543,0.3916673112283104,7.628456712625247,0.8215180102540789,2.4486279212885367,2.7517949109431887,1,0.745034883827202,fourier,both,5,1.5/0.5,eps2/runs/prod_T1.0_c0.01,p05,PASS
1.0,0.16810339715073822,3.379586314672654,0.7614537343003915,1.5610057974889462,2.089686873384817,2,0.7124654308356557,0.9876543209876543,0.4441656113297818,3.563461255760367,0.09043030582198773,1.6212413675040698,2.2424089083130414,2,0.5260174664685671,fourier,neutral,6,0.8/0.0,eps2/runs/prod_T1.0_c0.01,p06,PASS
1.0,0.14674231788209194,4.38810982903972,0.4380033716101817,1.482272285300712,1.5670306944367955,2,1.1009632291957172,1.0,0.3314689868385262,4.695649378560848,1.0250434722803328,2.8666936517431547,2.2996995763764416,5,1.6270096623427897,fourier,charged,6,0.0/2.7,eps2/runs/prod_T1.0_c0.01,p07,PASS
1.0,0.15438583894366567,6.050483608084886,0.37940337554555653,1.173315323137813,1.5926270652220411,1,1.6274305186771971,1.0,0.28754529853071675,5.297880183545197,0.9093696506309452,1.6716119965716076,1.5865555264753457,1,1.6952734627244808,mixed,both,16,1.2/0.7,eps2/runs/prod_T1.0_c0.01,p08,PASS
1.0,0.27270549459584775,8.544800217913785,1.0195214671641926,1.3846936748325482,1.652967697603569,7,1.2818671946514044,0.9835390946502057,0.6135441108038701,8.888695513044896,0.2917173465927558,0.8751371876361411,2.0962758845777945,7,0.9403805973039768,mixed,both,16,1.1/2.1,eps2/runs/prod_T1.0_c0.01,p09,PASS
1.0,0.1552724766208671,3.6164398913157605,0.9822051368672025,1.1915508213281483,1.6971844187054541,1,0.7957359081499361,1.0,0.40307090667260626,5.246855596360622,0.09245470588687354,1.3404255224437536,1.695442666990441,1,1.7443317441684465,mixed,both,12,0.6/1.6,eps2/runs/prod_T1.0_c0.01,p10,PASS
1.0,0.18371593596384347,20.209038909134776,0.8004042550672965,1.9074328181651998,1.8193485692738782,3,0.548099957438774,1.0,0.3689664335045609,10.26928064542411,0.8365208403019719,1.3757900655107254,1.96805551653663,3,0.882447132854063,mixed,both,20,2.4/0.8,eps2/runs/prod_T1.0_c0.01,p11,PASS
1.0,0.19302284516952847,7.058083319850515,0.14116302975793807,1.1317802836065938,1.8923037480020544,7,0.7899647054858541,1.0,0.3615916480903014,12.361906802282743,0.9915152755754271,1.5483785720972276,1.1581620175933596,2,0.7434556057526599,mixed,both,16,1.6/2.0,eps2/runs/prod_T1.0_c0.01,p12,PASS
0.9958847736625515,0.4610045762254769,305.30654069082516,0.013847405038389838,1.287674063333639,1.2319265409832267,7,1.8614975348750444,0.9547325102880658,0.7163808339037109,356.11910963174506,1.0744501345622937,0.9263412741114024,1.1150488912053065,3,1.8389848222816287,gauss,neutral,16,4.4/0.0,eps2/runs/prod_T1.0_c0.01,p13,PASS
1.0,0.26522000327014905,16.408034282529933,1.32834362148098,1.4792210492466205,2.7388247587486116,2,1.39646287840369,0.9711934156378601,0.6491743615486252,19.047930891934758,0.1167356542919243,1.2634396157349728,2.7322163806555055,2,1.1386119857518728,gauss,neutral,20,1.9/0.0,eps2/runs/prod_T1.0_c0.01,p14,PASS
1.0,0.1557298764036059,3.445880396897992,0.16986150417769108,1.2338682641090992,1.2114132510453215,24,1.0488342191702544,0.9917695473251029,0.46039258400899263,3.9850621589421675,1.3976746883526765,1.5136684228134427,1.4033854384732458,20,1.1369171267417542,gauss,charged,12,0.0/3.2,eps2/runs/prod_T1.0_c0.01,p15,PASS
1.0,0.23986899611008866,8.515856798120867,0.30124035149397627,1.355275641414169,1.208230995301342,4,0.523162919679666,0.9876543209876543,0.5690040455412083,9.295461746304555,0.7946764305079489,1.3665812101763102,1.1911330964838758,4,1.330831701478641,long,neutral,2,0.9/0.0,eps2/runs/prod_T1.0_c0.01,p16,PASS
0.9958847736625515,0.19573440266919725,4.708166715005011,0.908900810375702,1.257063107779495,1.622479695718892,7,1.466533727171164,0.9876543209876543,0.488225350072334,4.9112433320221145,0.9396699868958038,1.2324044043226272,1.4595791661940944,3,0.3881694609922258,long,neutral,2,0.7/0.0,eps2/runs/prod_T1.0_c0.01,p17,PASS
0.9917695473251029,0.3899150209950337,186.86243194411716,0.8118132127910986,1.396051560284604,1.9770151154544913,7,1.048655737625344,0.9711934156378601,0.6526701445524914,313.967693594933,0.5243057480297125,1.406570338937611,1.7056603754182618,5,1.5938068440409137,long,both,2,2.1/0.6,eps2/runs/prod_T1.0_c0.01,p18,PASS
1.0,0.18652884727439253,9.431609135949484,0.7850608717776187,1.1606162841433676,0.8579679223615753,3,1.502244792493317,0.9958847736625515,0.4644674015263192,11.891674806897063,1.093724148962092,1.1074256267466633,1.0899413966071427,7,1.0430580557718705,long,both,2,1.0/2.7,eps2/runs/prod_T1.0_c0.01,p19,PASS
1.0,0.20120800387399973,9.35630647381342,0.6257005424176046,2.2689796958058404,2.315853151555767,5,0.943259280763893,0.9917695473251029,0.5051554060945923,10.490977606542305,0.0666894409817026,2.316411861035439,2.2758007779007596,5,1.8392709213411618,long3,both,3,1.1/0.8,eps2/runs/prod_T1.0_c0.01,p20,PASS
1.0,0.28795591054360564,1.1047694246137372,0.8263991990745835,1.4599778381456348,0.9414240854063793,7,0.8274930868499415,0.9917695473251029,0.49908798056023707,1.29917287770181,0.8636916041549786,1.4453931494755765,0.8286966999233237,6,1.1018589184141725,long,charged,2,0.0/3.0,eps2/runs/prod_T1.0_c0.01,p21,PASS
1.0,0.3094587703068521,1.8169003067425062,0.37462576719909035,1.5015827504875847,1.8976979256759725,5,0.7843879621204796,0.9835390946502057,0.5500810265924705,1.9638721758076922,0.8158699260144552,0.9088954155434024,1.8431863765797118,1,1.7522166890289794,fourier,both,6,0.6/0.6,eps2/runs/prod_T1.0_c0.02,p00,PASS
0.9876543209876543,0.4355494820526035,16.44005707279998,0.4429491170559201,1.018378038763283,1.8049300905373957,1,0.9147064515944604,0.9958847736625515,0.6263997629877665,48.49919330898371,0.010290607272093546,1.1529417927386034,1.7334800145748688,1,1.1780797653598094,fourier,both,6,2.8/2.8,eps2/runs/prod_T1.0_c0.02,p01,PASS
1.0,0.30806828428403543,9.046912027309869,1.2446458162153322,1.8249253164308952,2.306408591706818,1,0.8491315073080576,0.9876543209876543,0.5714007989959102,20.68547939385185,0.047507186567922126,1.72983747348352,2.314318465093927,1,1.2910464507152974,fourier,both,5,2.6/2.3,eps2/runs/prod_T1.0_c0.02,p02,PASS
0.9958847736625515,0.3612277238325142,2.1660227990640797,0.3812224468909045,1.8037605823786689,1.8192569627380952,1,0.9273314902991993,0.9835390946502057,0.6828055368895745,1.869851519051167,1.5519444268321774,2.3778581645251786,1.797557980083514,1,0.7654052253580429,fourier,both,6,0.7/1.2,eps2/runs/prod_T1.0_c0.02,p03,PASS
0.9917695473251029,0.5031007897009526,2.0308937237817153,0.7798792121012389,0.9858714397838925,2.0048350537108233,2,1.1597270562419595,0.9711934156378601,0.6827585600953314,2.3710301706022063,0.13519191778792916,1.171962392536471,1.9905744231515439,2,1.01966700771955,fourier,both,5,0.6/2.7,eps2/runs/prod_T1.0_c0.02,p04,PASS
0.9958847736625515,0.2302495013271192,4.168873632013583,0.40358376425631987,0.8066295877884784,1.6838736102739467,7,1.496299973020676,0.9876543209876543,0.4399888976428454,4.4167792181274566,0.576505354239658,0.4898497888518747,0.7987936060491131,7,0.5622415905188757,fourier,both,5,1.5/0.5,eps2/runs/prod_T1.0_c0.02,p05,PASS
0.9958847736625515,0.3507535033573475,2.2704616575701064,1.616676676098299,1.0208543530391043,0.9986942930519294,7,1.4766891769153374,0.9835390946502057,0.6137337884971178,2.4019972792707525,1.1826479068158016,0.935491332140222,0.8470813390711714,4,1.7972249414934436,fourier,neutral,6,0.8/0.0,eps2/runs/prod_T1.0_c0.02,p06,PASS
0.9917695473251029,0.39797684109840226,2.971802353052582,0.17565207068225488,1.1051097729937955,1.4938875896703807,7,1.8736232826131896,0.9711934156378601,0.6594757368415609,3.501803314983519,0.157622991105738,0.729983761014931,0.9881415881256053,3,0.901976833900438,fourier,charged,6,0.0/2.7,eps2/runs/prod_T1.0_c0.02,p07,PASS
0.9917695473251029,0.35310825550901365,3.6982806612465833,1.1274979502216236,1.8471098042759844,0.7594801135135968,2,1.1394951258670976,0.9958847736625515,0.567843743397339,3.20207907590893,0.3629878145977632,1.7568135856356855,1.4601970610800976,7,0.7883613900829363,mixed,both,16,1.2/0.7,eps2/runs/prod_T1.0_c0.02,p08,PASS
1.0,0.28315987142922117,5.922300651842964,0.09888706929855069,1.2582055744822407,1.5331148264732297,2,1.42552872169182,0.9794238683127572,0.5368918886906547,5.485977878628647,1.3064933958938392,1.8461441751732346,1.581659718834502,7,1.7125742869726686,mixed,both,16,1.1/2.1,eps2/runs/prod_T1.0_c0.02,p09,PASS
1.0,0.33691348913336905,2.9980142983845806,0.2751527389368997,1.2573989972099804,1.990649553206883,5,0.6472651080849836,0.9794238683127572,0.656283687086312,4.192234788578215,0.007352289636813339,0.9353038426295527,1.9464223431904935,5,1.599895837918347,mixed,both,12,0.6/1.6,eps2/runs/prod_T1.0_c0.02,p10,PASS
0.9958847736625515,0.3684708740607831,13.075374273299952,0.20729425470921853,1.556579762802876,1.0837241244751605,1,0.9952072370937272,0.9794238683127572,0.6579456574563849,7.283035822575849,0.46415797095039674,1.5114798949460913,1.5554476887190278,7,1.3734106716897172,mixed,both,20,2.4/0.8,eps2/runs/prod_T1.0_c0.02,p11,PASS
1.0,0.43488553430394755,5.320619482591978,0.8432379215421287,1.198149666465063,2.8249477638297082,1,1.7285465841751289,0.9794238683127572,0.7059621720539629,9.932214683449757,1.803396300717327,1.7115533634647961,2.843045883654323,1,1.9909486818286821,mixed,both,16,1.6/2.0,eps2/runs/prod_T1.0_c0.02,p12,PASS
1.0,0.2893243055099241,93.29898996730826,1.3424903367287424,1.5297576805662856,2.4988957426559053,7,0.9774991143937919,0.9547325102880658,0.7376288299183476,142.15494837833887,0.5730823980126875,1.3152768643899433,2.0176939846369395,5,0.9435231704244943,gauss,neutral,16,4.4/0.0,eps2/runs/prod_T1.0_c0.02,p13,PASS
1.0,0.3159129623427698,5.845168874624859,0.7506645037653068,2.5456342334195274,2.219964812025875,32,0.9646823405256295,0.9876543209876543,0.5051051093704633,6.834281181258713,1.1810552126228602,1.8465578910045224,1.891357855288103,2,1.2044113559365752,gauss,neutral,20,1.9/0.0,eps2/runs/prod_T1.0_c0.02,p14,PASS
0.9958847736625515,0.26977733979858937,2.6145792043446776,0.07687290829410384,1.3907773968106945,1.606045011900539,20,1.6609720831646306,0.9917695473251029,0.5087000125407641,3.219466550098275,0.2159132563872818,1.7589862738110287,0.8602795022565171,7,1.0019542215822725,gauss,charged,12,0.0/3.2,eps2/runs/prod_T1.0_c0.02,p15,PASS
1.0,0.36231204544024687,2.810104721793797,1.0365860456408824,1.8868468452555551,1.5250078046012587,4,0.9499810053345332,0.9670781893004116,0.6726516228832662,2.9325547718805547,0.0520995246705141,1.839424407301054,1.2771317616234081,4,1.4232730965897764,long,neutral,2,0.9/0.0,eps2/runs/prod_T1.0_c0.02,p16,PASS
1.0,0.313807477314763,2.107492250277077,0.5561264187814908,1.354459667739549,1.3526023320674663,5,0.522697310542926,0.9794238683127572,0.6474873913268417,2.1398289344876025,1.3238089616961262,1.4067237656540317,1.6652848565640428,6,1.6269207364802698,long,neutral,2,0.7/0.0,eps2/runs/prod_T1.0_c0.02,p17,PASS
1.0,0.31339584892191863,38.47168758817915,0.3174877601806043,1.0410319096218912,1.11524543930605,5,0.8068416805102403,0.9876543209876543,0.6612794353773376,37.54293108482805,0.8067453291292527,1.0801895944000237,0.9887510453929337,4,0.9141504954875573,long,both,2,2.1/0.6,eps2/runs/prod_T1.0_c0.02,p18,PASS
0.9958847736625515,0.35733348711474705,2.9722503511217635,0.38281696966525275,0.5494218889933692,1.6105038104016638,6,1.2653431414593566,0.9794238683127572,0.7826542659324686,3.437755002604287,0.17936556443102658,0.5278057556137261,1.2682833842664192,4,1.3734521018731378,long,both,2,1.0/2.7,eps2/runs/prod_T1.0_c0.02,p19,PASS
0.9876543209876543,0.4329660946364354,3.7564500235341085,0.9450446919027571,0.6059959815666308,0.9765326746793683,6,1.228067306743823,0.9670781893004116,0.7023351829821994,4.097826596832589,0.2512658703622937,0.588310285918572,1.4514603367028438,6,2.1251302432914145,long3,both,3,1.1/0.8,eps2/runs/prod_T1.0_c0.02,p20,PASS
1.0,0.49882153345023317,1.0894770749016314,0.0877609307240376,1.7679699285872752,0.8760731079424122,7,1.3151123394864022,0.9711934156378601,0.7953161559354543,1.1662508560709737,0.02354892701328816,1.7782757423895477,1.2272385035324667,7,1.8892886153382829,long,charged,2,0.0/3.0,eps2/runs/prod_T1.0_c0.02,p21,PASS
